5,515,541
54,18,26,44,63,74,97,100,131,164,171,179,190,249,256,287,363
55,127,138
60,108,115
60,29,36,64,71
60,51,59,367,374,383,390,422,436,449,456,519,526,539,546
62,30,39,85,92,124,133
74,67,74,177,186
89,906,913
91,73,81,415,460,608,620,637,643,652,658,661,671,672,705,724,768,792,806,808,815,905,918,932,940,995,1002,1006,1013
91,80,87,115,143,164,180,182,192,206,213,233,242,245,268,280,287,303,311,323,330,332,349,356,363,708,717,721,728,756,764,778,785,801,808,847,856,867,885,887,898
93,247,253,281,291
95,46,59
97,121,130,134,142
98,121,130,134,142
99,500,509,580,589,645,653,701,709
99,76,85
100,1826,1833,1957,1964
106,42,49,58,65,171,178
106,2105,2115,2125,2135
114,474,505,515,529,540,551,672,714,751,757,785,795
123,375,420,533,589,616,622,624,634,1060,1067,1069,1076,1893,1905
123,270,296
124,616,623
133,52,59,60,82,807,814,861,868,943,950
138,212,222
162,232,239,244,258,264,277,297,304
165,22,29,163,170,187,209,243,259
168,1,7,22,47,58,73,81,87,93,101,103,112,133,244
172,799,806
190,38,54
193,1052,1062,1074,1081,1089,1096,1102,1109
197,82,89,128,135,144,158
198,1404,1412,1477,1484,1497,1504,1517,1527
204,44,51,1426,1443
210,19,26,84,97,105,115
222,296,306
222,448,468
223,4302,4309,4312,4320
229,3805,3843
229,4153,4163,4180,4298
234,438,445
235,45,55
236,1794,1801,1899,1913,1921,1932
236,123,134,138,154
240,1321,1329
243,1053,1062
244,138,146
245,38,47,227,281,499,511
247,48,54
251,32,39,98,106,112,120,545,572
256,489,504,594,601
258,307,317
267,313,325
269,2047,2059,2544,2555
269,68,80
270,35,43
272,328,338,340,354,462,469,482,489
272,263,270
275,249,257
277,70,78,333,341
277,184,191
277,97,104
277,252,259
285,21,28,900,908,915,925,933,941,943,953,963,970,1042,1049,1107,1114
286,33,40,266,286,288,298
289,158,175,1354,1373
290,45,52,124,134
290,874,893,948,958
290,49,62,251,259,267,275,285,292,309,317,368,376,392,400,416,424
291,142,173
293,403,410
293,26,36
293,23,39
294,43,53
295,774,784
296,23,30,124,133,266,273,279,286,287,294,305,313,377,392,397,405,407,442,452,461,539,555,571,578,592,600
301,553,588,604,611,616,631,638,645
301,1272,1279,1332,1339,1403,1420,1468,1475,1597,1604,1613,1620,1813,1820,1872,1879,1962,1969,2173,2180,2264,2271,2316,2323,2330,2397
306,559,598
312,1040,1051
313,63,170,224,235,238,250
317,176,184
321,24,31,40,55,115,122,217,224,416,428,436,443,444,458,649,658,673,682,759,773,831,838,870,884,949,960,1087,1099,1119,1131,1142,1149,1181,1190,1200,1207,1286,1293,1304,1321,1338,1347,1361,1368,1396,1405,1438,1446,1447,1456,1475,1489,1499,1513,1514,1524,1598,1607,1871,1883,1886,1892,1973,1982
322,2767,2783,3036,3056
324,410,418,461,468,483,499,560,568,738,746,780,787,797,804,814,829,837,844,968,976
324,71,89,199,207,1039,1048
325,48,101
326,115,132
327,1947,1960
330,238,258,277,285,339,346,369,377
333,35,48,117,124
334,51,72,73,80,82,89,92,99
335,218,229,530,557,573,599,725,750
337,1571,1582,1689,1704
341,1403,1416
343,1100,1195,1201,1210
344,551,562,564,610,690,698,701,741
345,93,103,115,122,128,138
346,348,359,360,382,383,394
350,354,368,376,383
352,23,30,41,61,187,194,223,230
353,430,458
355,483,494,552,559,576,596,1246,1254
356,267,276
358,24,39,96,122
358,1463,1472
361,154,165,175,189,199,206,207,214
362,47,55,103,118
366,653,660
367,15,22,189,207,217,253
370,867,878
370,234,241
371,1893,1979,1983,1991
372,31,60,63,78,79,106,113,121,164,191,197,269,275,289,298,305
373,17,25,1870,1886,1893,2189,2190,2197,2204,2215,2217,2233,2245,2252,2253,2260,2264,2274,2279,2290,2296,2303,2307,2315,2319,2326,2335,2342,2345,2352,2360,2369,2377,2387,2396,2407,2420,2427,2442,2449,2461,2468,2473,2480,2482,2491,2510,2517,2527,2534,2536,2545,2551,2558,2565,2572,2582,2589,2592,2599,2602,2610,2636,2643,2645,2652,2657,2664
376,20,27,46,54,63,74,159,181,210,217,359,366,369,390
376,31,37,157,164,168,181
376,33,40,79,91
380,42,50,55,66,67,85,97,104,134,149,263,288
382,569,584
383,643,722
384,23,34,38,69,82,89,109,121
384,56,63,93,106,110,118,138,162
385,103,117
386,41,48
386,17,24,440,456,585,591,597,613
387,46,60
391,448,508
392,31,44,64,84,88,95,105,117,256,294
393,173,180,233,422
393,185,201
395,5055,5079,5081,5094
395,432,447
395,481,488
396,536,545,683,704,798,804
399,795,802,1140,1147,1153,1160
399,650,660
401,720,726
405,2008,2015
409,414,430,445,451,457,463
410,699,714,745,756,769,779,782,791,793,829,859,872
410,361,383
411,222,237
413,927,938
416,131,140,354,364
417,20,27,161,186,197,356
418,190,202
419,40,47
419,27,33
423,700,707,727,734
424,14,21,143,154,155,163
424,106,113
428,15,22,42,49
429,1699,1722
430,248,255
431,881,904,1032,1042,1160,1169,1395,1406
432,399,418,535,574,672,688
433,493,505
436,86,97
440,240,250
444,126,197
445,157,166
446,82,93,117,129,221,235,247,262
448,53,60,63,70,184,191,217,224,231,239,249,257,335,346,348,356
454,515,541
504,127,138
509,29,36,64,71
538,906,913
540,305,322
542,247,253,281,291
544,46,59
546,121,130,134,142
547,121,130,134,142
548,500,509,580,589,645,653,701,709
548,76,85
549,99,106,244,252,254,266,271,279,287,294
549,1826,1833,1957,1964
555,2105,2115,2125,2135
572,375,420,533,589,616,622,624,634,1060,1067,1069,1076,1893,1905
582,52,59,60,82,807,814,861,868,943,950
587,212,222
611,232,239,244,258,264,277,297,304
614,22,29,163,170,187,209,243,259
617,1,7,22,47,58,73,81,87,93,101,103,112,133,244
621,799,806
639,38,54
642,1052,1062,1074,1081,1089,1096,1102,1109
647,1404,1412,1477,1484,1497,1504,1517,1527
653,44,51,1426,1443
659,19,26,84,97,105,115
672,4302,4309,4312,4320
678,3805,3843
678,4153,4163,4180,4298
684,45,55
685,1794,1801,1899,1913,1921,1932
693,138,146
694,38,47,227,281,499,511
707,307,317
716,313,325
718,2047,2059,2544,2555
718,68,80
719,35,43
721,328,338,340,354,462,469,482,489
724,249,257
733,331,339
735,33,40,266,286,288,298
738,158,175,1354,1373
739,45,52,124,134
739,874,893,948,958
742,403,410
742,26,36
742,23,39
744,774,784
750,553,588,604,611,616,631,638,645
750,1272,1279,1332,1339,1403,1420,1468,1475,1597,1604,1613,1620,1813,1820,1872,1879,1962,1969,2173,2180,2264,2271,2316,2323,2330,2397
755,559,598
766,176,184
770,24,31,40,55,115,122,217,224,416,428,436,443,444,458,649,658,673,682,759,773,831,838,870,884,949,960,1087,1099,1119,1131,1142,1149,1181,1190,1200,1207,1286,1293,1304,1321,1338,1347,1361,1368,1396,1405,1438,1446,1447,1456,1475,1489,1499,1513,1514,1524,1598,1607,1871,1883,1886,1892,1973,1982
771,2767,2783,3036,3056
773,410,418,461,468,483,499,560,568,738,746,780,787,797,804,814,829,837,844,968,976
773,71,89,199,207,1039,1048
774,48,101
776,1947,1960
779,238,258,277,285,339,346,369,377
783,51,72,73,80,82,89,92,99
786,1571,1582,1689,1704
790,1403,1416
792,1100,1195,1201,1210
794,93,103,115,122,128,138
795,348,359,360,382,383,394
799,354,368,376,383
802,430,458
804,483,494,552,559,576,596,1246,1254
805,267,276
807,1463,1472
810,154,165,175,189,199,206,207,214
811,47,55,103,118
815,653,660
816,15,22,189,207,217,253
819,867,878
819,234,241
820,1893,1979,1983,1991
821,31,60,63,78,79,106,113,121,164,191,197,269,275,289,298,305
825,20,27,46,54,63,74,159,181,210,217,359,366,369,390
825,33,40,79,91
829,42,50,55,66,67,85,97,104,134,149,263,288
831,569,584
832,643,722
833,23,34,38,69,82,89,109,121
833,56,63,93,106,110,118,138,162
834,103,117
835,41,48
836,46,60
840,448,508
841,31,44,64,84,88,95,105,117,256,294
844,5055,5079,5081,5094
844,432,447
845,536,545,683,704,798,804
848,795,802,1140,1147,1153,1160
848,650,660
850,720,726
854,2008,2015
858,414,430,445,451,457,463
859,699,714,745,756,769,779,782,791,793,829,859,872
860,222,237
862,927,938
865,131,140,354,364
866,20,27,161,186,197,356
868,40,47
868,27,33
872,700,707,727,734
873,14,21,143,154,155,163
873,106,113
877,15,22,42,49
878,1699,1722
879,248,255
880,881,904,1032,1042,1160,1169,1395,1406
881,399,418,535,574,672,688
882,493,505
885,86,97
889,240,250
895,82,93,117,129,221,235,247,262
897,53,60,63,70,184,191,217,224,231,239,249,257,335,346,348,356
906,30,37,169,176
932,126,137
954,133,141,143,158,232,247,362,371,374,383
957,201,209,744,752,770,778,810,823,844,851,866,878
959,1,166,181,188,253,265,266,426
982,114,121,122,135,148,167,172,190,204,228,238,251,264,282,294,306,338,347,375,382,392,399,653,692,795,803
983,120,148,204,211,372,379,382,389,399,406,417,424,436,443,456,463,527,534,555,562,640,647,651,658,869,879
983,1353,1407,1415,1446
986,82,93,105,124,127,134,342,363
986,66,73,115,122,144,184,189,199
987,63,219,223,230,241,254,268,274,360,379,397,407,515,521,618,638,666,677,776,787,810,822
987,906,913
990,426,438
990,188,201
992,159,177
998,62,70,76,88,177,195,230,247
1004,238,252
1011,28,55,69,85,120,135
1021,25,32,123,132
1029,34,48,181,188
1030,36,44
1053,28,47
1063,22,29,163,170,187,209,243,259
1066,48,60
1086,31,37
1086,47,58,267,278,507,514
1086,70,78,98,106
1086,95,103,230,238
1086,3,35,43,79,324,332,437,444
1088,34,50
1091,1052,1062,1074,1081,1089,1096,1102,1109
1093,5,12,14,31
1093,9,16
1096,1404,1412,1477,1484,1497,1504,1517,1527
1102,44,51,1426,1443
1107,16,23,28,35,44,55
1118,930,938
1121,4302,4309,4312,4320
1127,3805,3843
1127,4153,4163,4180,4298
1134,1794,1801,1899,1913,1921,1932
1146,72,88
1156,307,317
1167,2047,2059,2544,2555
1175,136,143
1181,19,26,61,79
1187,158,175,1354,1373
1191,403,410
1193,774,784
1199,1272,1279,1332,1339,1403,1420,1468,1475,1597,1604,1613,1620,1813,1820,1872,1879,1962,1969,2173,2180,2264,2271,2316,2323,2330,2397
1205,21,28,397,418,421,440,482,489,622,631
1220,2767,2783,3036,3056
1225,1947,1960
1239,1403,1416
1248,354,368,376,383
1253,483,494,552,559,576,596,1246,1254
1271,17,25,1870,1886,1893,2189,2190,2197,2204,2215,2217,2233,2245,2252,2253,2260,2264,2274,2279,2290,2296,2303,2307,2315,2319,2326,2335,2342,2345,2352,2360,2369,2377,2387,2396,2407,2420,2427,2442,2449,2461,2468,2473,2480,2482,2491,2510,2517,2527,2534,2536,2545,2551,2558,2565,2572,2582,2589,2592,2599,2602,2610,2636,2643,2645,2652,2657,2664
1278,42,50,55,66,67,85,97,104,134,149,263,288
1282,23,34,38,69,82,89,109,121
1284,41,48
1297,650,660
1299,720,726
1303,2008,2015
1309,222,237
1317,108,115,116,123,332,339
1327,1699,1722
1336,205,211,212,219
